repo_id,repository,community,downloads,releases,assets,commits,open_issues,closed_issues,total_issues,open_prs,closed_prs,total_prs,readme_issues,readme_commits
0,laravel/laravel,743.0,0.0,30.0,0.0,6692.0,0.0,0.0,0.0,0.0,4092.0,4092.0,0.0,23.0
1,danielmiessler/SecLists,226.0,0.0,15.0,0.0,1297.0,21.0,156.0,177.0,5.0,514.0,519.0,5.0,87.0
2,blueimp/jQuery-File-Upload,113.0,0.0,0.0,0.0,1265.0,49.0,3258.0,3307.0,0.0,371.0,371.0,3.0,86.0
3,fzaninotto/Faker,529.0,0.0,12.0,0.0,2632.0,76.0,494.0,570.0,167.0,1319.0,1486.0,1.0,368.0
4,symfony/symfony,3416.0,0.0,30.0,0.0,59755.0,529.0,16601.0,17130.0,210.0,27108.0,27318.0,2.0,51.0
5,composer/composer,1124.0,461010.0,30.0,56.0,11380.0,167.0,6787.0,6954.0,20.0,3379.0,3399.0,7.0,69.0
6,laravel/framework,3382.0,0.0,30.0,0.0,33231.0,5.0,15793.0,15798.0,7.0,23038.0,23045.0,0.0,18.0
7,guzzle/guzzle,413.0,4022.0,30.0,34.0,3595.0,23.0,1712.0,1735.0,15.0,1227.0,1242.0,5.0,105.0
8,DesignPatternsPHP/DesignPatternsPHP,207.0,0.0,0.0,0.0,1247.0,2.0,107.0,109.0,0.0,345.0,345.0,2.0,85.0
9,Seldaek/monolog,488.0,0.0,30.0,0.0,2536.0,27.0,674.0,701.0,15.0,919.0,934.0,1.0,30.0
10,bcit-ci/CodeIgniter,607.0,0.0,0.0,0.0,10323.0,9.0,3197.0,3206.0,3.0,2827.0,2830.0,1.0,27.0
11,sebastianbergmann/phpunit,508.0,0.0,0.0,0.0,16314.0,143.0,2931.0,3074.0,30.0,1698.0,1728.0,4.0,126.0
12,nextcloud/server,1095.0,1666.0,30.0,72.0,61748.0,1768.0,11916.0,13684.0,309.0,16737.0,17046.0,1.0,74.0
13,PHPMailer/PHPMailer,249.0,0.0,30.0,0.0,2087.0,24.0,1840.0,1864.0,7.0,594.0,601.0,2.0,130.0
14,WordPress/WordPress,107.0,0.0,0.0,0.0,45210.0,0.0,0.0,0.0,0.0,555.0,555.0,0.0,121.0
15,matomo-org/matomo,379.0,6.0,30.0,16.0,28254.0,1892.0,10215.0,12107.0,27.0,6056.0,6083.0,9.0,120.0
16,briannesbitt/Carbon,301.0,1434.0,30.0,30.0,3156.0,9.0,1098.0,1107.0,3.0,1441.0,1444.0,0.0,91.0
17,monicahq/monica,260.0,503.0,30.0,169.0,3604.0,498.0,1223.0,1721.0,4.0,4271.0,4275.0,0.0,9.0
18,nikic/PHP-Parser,129.0,0.0,30.0,0.0,1395.0,67.0,442.0,509.0,13.0,303.0,316.0,0.0,71.0
19,easychen/howto-make-more-money,13.0,0.0,3.0,0.0,69.0,3.0,22.0,25.0,1.0,15.0,16.0,0.0,37.0
20,erusev/parsedown,43.0,0.0,25.0,0.0,843.0,81.0,458.0,539.0,47.0,232.0,279.0,3.0,166.0
21,yiisoft/yii2,1356.0,94532.0,30.0,54.0,19960.0,445.0,10731.0,11176.0,71.0,7612.0,7683.0,8.0,58.0
22,barryvdh/laravel-debugbar,179.0,0.0,30.0,0.0,929.0,44.0,862.0,906.0,25.0,364.0,389.0,3.0,79.0
23,getgrav/grav,231.0,63746.0,30.0,90.0,7314.0,322.0,2484.0,2806.0,24.0,624.0,648.0,2.0,66.0
24,koel/koel,62.0,2802.0,30.0,26.0,2036.0,75.0,742.0,817.0,11.0,578.0,589.0,0.0,38.0
25,filp/whoops,156.0,0.0,0.0,0.0,1169.0,4.0,336.0,340.0,1.0,375.0,376.0,9.0,132.0
26,CachetHQ/Cachet,223.0,0.0,30.0,0.0,7274.0,276.0,2008.0,2284.0,74.0,1921.0,1995.0,4.0,147.0
27,Intervention/image,127.0,0.0,0.0,0.0,741.0,318.0,542.0,860.0,28.0,253.0,281.0,0.0,59.0
28,phacility/phabricator,323.0,0.0,0.0,0.0,16971.0,0.0,0.0,0.0,1.0,278.0,279.0,0.0,6.0
29,thephpleague/flysystem,48.0,0.0,15.0,0.0,648.0,20.0,705.0,725.0,6.0,689.0,695.0,0.0,14.0
30,flarum/flarum,33.0,0.0,17.0,0.0,337.0,0.0,0.0,0.0,0.0,75.0,75.0,0.0,9.0
31,barryvdh/laravel-ide-helper,213.0,0.0,30.0,0.0,828.0,94.0,727.0,821.0,41.0,462.0,503.0,4.0,19.0
32,vlucas/phpdotenv,68.0,0.0,30.0,0.0,567.0,4.0,246.0,250.0,0.0,256.0,256.0,1.0,56.0
33,roots/sage,249.0,229.0,30.0,1.0,2455.0,8.0,1275.0,1283.0,5.0,1664.0,1669.0,8.0,185.0
34,PHPOffice/PHPExcel,75.0,0.0,0.0,0.0,1274.0,562.0,430.0,992.0,106.0,328.0,434.0,4.0,14.0
35,ramsey/uuid,101.0,0.0,30.0,0.0,1109.0,21.0,146.0,167.0,5.0,229.0,234.0,1.0,78.0
36,slimphp/Slim,274.0,0.0,30.0,0.0,4278.0,5.0,1602.0,1607.0,0.0,1508.0,1508.0,2.0,69.0
37,the-control-group/voyager,415.0,0.0,30.0,0.0,3083.0,199.0,3149.0,3348.0,92.0,2032.0,2124.0,4.0,68.0
38,octobercms/october,470.0,0.0,3.0,0.0,5756.0,0.0,3319.0,3319.0,0.0,2120.0,2120.0,2.0,57.0
39,FriendsOfPHP/PHP-CS-Fixer,327.0,480040.0,30.0,60.0,8664.0,340.0,2004.0,2344.0,78.0,3793.0,3871.0,1.0,43.0
40,doctrine/inflector,83.0,0.0,15.0,0.0,333.0,7.0,43.0,50.0,1.0,141.0,142.0,0.0,7.0
41,PHPOffice/PhpSpreadsheet,339.0,0.0,30.0,0.0,3136.0,182.0,1209.0,1391.0,26.0,1106.0,1132.0,6.0,36.0
42,phalcon/cphalcon,360.0,8724.0,30.0,272.0,15766.0,52.0,4696.0,4748.0,3.0,3810.0,3813.0,2.0,88.0
43,doctrine/lexer,31.0,0.0,7.0,0.0,91.0,2.0,8.0,10.0,2.0,53.0,55.0,0.0,4.0
44,egulias/EmailValidator,67.0,0.0,30.0,0.0,338.0,18.0,149.0,167.0,3.0,147.0,150.0,6.0,54.0
45,doctrine/instantiator,36.0,0.0,12.0,0.0,369.0,2.0,19.0,21.0,3.0,64.0,67.0,0.0,17.0
46,docker/labs,129.0,0.0,0.0,0.0,714.0,51.0,115.0,166.0,57.0,307.0,364.0,1.0,29.0
47,SpartnerNL/Laravel-Excel,178.0,0.0,30.0,0.0,1429.0,8.0,2665.0,2673.0,4.0,458.0,462.0,1.0,229.0
48,tymondesigns/jwt-auth,81.0,0.0,30.0,0.0,1481.0,521.0,1034.0,1555.0,39.0,572.0,611.0,0.0,105.0
49,z-song/laravel-admin,308.0,0.0,30.0,0.0,3140.0,91.0,4015.0,4106.0,20.0,1361.0,1381.0,0.0,61.0
50,jupeter/clean-code-php,58.0,0.0,0.0,0.0,372.0,17.0,30.0,47.0,0.0,150.0,150.0,0.0,298.0
51,mockery/mockery,219.0,0.0,28.0,0.0,1945.0,85.0,498.0,583.0,10.0,570.0,580.0,0.0,57.0
52,spatie/laravel-permission,184.0,0.0,30.0,0.0,1219.0,7.0,1255.0,1262.0,6.0,551.0,557.0,3.0,205.0
53,serbanghita/Mobile-Detect,112.0,0.0,0.0,0.0,825.0,115.0,538.0,653.0,39.0,189.0,228.0,14.0,120.0
54,magento/magento2,2358.0,0.0,30.0,0.0,127065.0,1203.0,20417.0,21620.0,773.0,12510.0,13283.0,0.0,91.0
55,php-fig/log,29.0,0.0,8.0,0.0,93.0,0.0,0.0,0.0,0.0,58.0,58.0,0.0,3.0
56,w7corp/easywechat,157.0,0.0,30.0,0.0,2003.0,4.0,1129.0,1133.0,1.0,1221.0,1222.0,0.0,91.0
57,walkor/Workerman,93.0,0.0,30.0,0.0,1558.0,18.0,451.0,469.0,4.0,235.0,239.0,0.0,118.0
58,swiftmailer/swiftmailer,187.0,0.0,0.0,0.0,1644.0,0.0,851.0,851.0,0.0,507.0,507.0,0.0,3.0
59,php-fig/container,33.0,0.0,7.0,0.0,185.0,4.0,15.0,19.0,0.0,23.0,23.0,0.0,82.0
60,dingo/api,120.0,0.0,30.0,0.0,1387.0,181.0,1180.0,1361.0,10.0,397.0,407.0,0.0,24.0
61,bobthecow/psysh,81.0,1387.0,30.0,119.0,1808.0,34.0,386.0,420.0,8.0,267.0,275.0,9.0,65.0
62,squizlabs/PHP_CodeSniffer,244.0,218461.0,30.0,104.0,7064.0,222.0,1877.0,2099.0,72.0,1343.0,1415.0,3.0,27.0
63,symfony/console,381.0,0.0,30.0,0.0,3510.0,0.0,0.0,0.0,1.0,77.0,78.0,0.0,18.0
64,doctrine/orm,966.0,0.0,30.0,0.0,12499.0,1134.0,4666.0,5800.0,271.0,3369.0,3640.0,0.0,20.0
65,phpDocumentor/ReflectionDocBlock,62.0,0.0,30.0,0.0,651.0,9.0,77.0,86.0,10.0,233.0,243.0,0.0,15.0
66,deployphp/deployer,343.0,10472.0,30.0,10.0,2617.0,44.0,1592.0,1636.0,4.0,1086.0,1090.0,0.0,125.0
67,FriendsOfPHP/Goutte,77.0,8132.0,6.0,6.0,318.0,126.0,168.0,294.0,2.0,147.0,149.0,3.0,31.0
68,phpDocumentor/TypeResolver,41.0,0.0,25.0,0.0,363.0,3.0,39.0,42.0,6.0,112.0,118.0,1.0,13.0
69,phpDocumentor/ReflectionCommon,15.0,0.0,11.0,0.0,157.0,0.0,6.0,6.0,3.0,58.0,61.0,1.0,6.0
70,doctrine/dbal,563.0,0.0,30.0,0.0,10347.0,253.0,2046.0,2299.0,22.0,2959.0,2981.0,0.0,46.0
71,cakephp/cakephp,848.0,7296.0,30.0,24.0,43900.0,32.0,6185.0,6217.0,4.0,10050.0,10054.0,1.0,80.0
72,dompdf/dompdf,149.0,169006.0,22.0,16.0,1504.0,593.0,1643.0,2236.0,24.0,441.0,465.0,7.0,60.0
73,typecho/typecho,72.0,278618.0,15.0,15.0,1377.0,296.0,682.0,978.0,43.0,209.0,252.0,0.0,4.0
74,phpspec/prophecy,121.0,0.0,30.0,0.0,693.0,97.0,146.0,243.0,7.0,300.0,307.0,1.0,36.0
75,reactphp/reactphp,40.0,0.0,21.0,0.0,958.0,2.0,202.0,204.0,0.0,244.0,244.0,3.0,79.0
76,guyueyingmu/avbook,2.0,58193.0,1.0,1.0,41.0,64.0,61.0,125.0,6.0,21.0,27.0,0.0,26.0
77,sebastianbergmann/php-code-coverage,113.0,0.0,0.0,0.0,2366.0,11.0,527.0,538.0,1.0,354.0,355.0,3.0,32.0
78,myclabs/DeepCopy,26.0,0.0,30.0,0.0,168.0,11.0,61.0,72.0,4.0,95.0,99.0,0.0,38.0
79,symfony/http-foundation,494.0,0.0,30.0,0.0,3954.0,0.0,0.0,0.0,3.0,76.0,79.0,0.0,14.0
80,paragonie/random_compat,36.0,3616.0,30.0,90.0,436.0,4.0,81.0,85.0,1.0,89.0,90.0,3.0,60.0
81,symfony/event-dispatcher,114.0,0.0,30.0,0.0,1007.0,0.0,0.0,0.0,2.0,6.0,8.0,0.0,15.0
82,php-fig/simple-cache,9.0,0.0,6.0,0.0,26.0,0.0,0.0,0.0,2.0,20.0,22.0,0.0,4.0
83,symfony/finder,135.0,0.0,30.0,0.0,1030.0,0.0,0.0,0.0,0.0,7.0,7.0,0.0,15.0
84,googleapis/google-api-php-client,156.0,232924.0,30.0,78.0,1773.0,108.0,1430.0,1538.0,2.0,651.0,653.0,13.0,78.0
85,helloqingfeng/Awsome-Front-End-learning-resource,3.0,0.0,0.0,0.0,34.0,2.0,8.0,10.0,3.0,6.0,9.0,0.0,18.0
86,top-think/think,51.0,0.0,30.0,0.0,2032.0,106.0,705.0,811.0,10.0,277.0,287.0,0.0,69.0
87,YOURLS/YOURLS,91.0,0.0,17.0,0.0,1901.0,47.0,2557.0,2604.0,5.0,334.0,339.0,1.0,35.0
88,BookStackApp/BookStack,180.0,0.0,30.0,0.0,3146.0,420.0,2279.0,2699.0,2.0,587.0,589.0,11.0,95.0
89,owncloud/core,739.0,0.0,0.0,0.0,47671.0,325.0,18652.0,18977.0,64.0,20683.0,20747.0,0.0,52.0
90,symfony/thanks,19.0,0.0,1.0,0.0,96.0,1.0,34.0,35.0,0.0,57.0,57.0,0.0,10.0
91,symfony/http-kernel,410.0,0.0,30.0,0.0,5696.0,0.0,0.0,0.0,0.0,23.0,23.0,0.0,17.0
92,tennc/webshell,20.0,0.0,7.0,0.0,621.0,0.0,24.0,24.0,0.0,28.0,28.0,0.0,62.0
93,woocommerce/woocommerce,1420.0,2897.0,30.0,31.0,41023.0,989.0,18855.0,19844.0,226.0,11508.0,11734.0,1.0,40.0
94,laravel/lumen,73.0,0.0,0.0,0.0,304.0,0.0,0.0,0.0,0.0,160.0,160.0,0.0,6.0
95,twigphp/Twig,435.0,0.0,0.0,0.0,5857.0,83.0,1812.0,1895.0,16.0,1731.0,1747.0,0.0,6.0
96,guzzle/psr7,97.0,0.0,17.0,0.0,593.0,2.0,162.0,164.0,5.0,306.0,311.0,1.0,32.0
97,symfony/polyfill-mbstring,29.0,0.0,0.0,0.0,80.0,0.0,0.0,0.0,0.0,10.0,10.0,0.0,3.0
98,symfony/debug,111.0,0.0,30.0,0.0,1216.0,0.0,0.0,0.0,0.0,9.0,9.0,0.0,14.0
99,doctrine/cache,139.0,0.0,30.0,0.0,775.0,1.0,94.0,95.0,2.0,297.0,299.0,0.0,18.0
100,mookman288/FrozenPlugin,1.0,0.0,0.0,0.0,10.0,0.0,0.0,0.0,0.0,0.0,0.0,0.0,0.0
101,bloggeroliver/CryptoChat,2.0,0.0,0.0,0.0,6.0,0.0,0.0,0.0,0.0,0.0,0.0,0.0,0.0
102,leogermani/priorize,4.0,0.0,0.0,0.0,14.0,5.0,4.0,9.0,0.0,0.0,0.0,0.0,2.0
103,neurobin/GCMPushNotificationServer,2.0,0.0,0.0,0.0,8.0,0.0,0.0,0.0,0.0,0.0,0.0,0.0,4.0
104,3BRS/Magento-ProductVideos,1.0,0.0,0.0,0.0,4.0,0.0,0.0,0.0,0.0,0.0,0.0,0.0,1.0
105,LT21/GravatarServer,2.0,0.0,0.0,0.0,3.0,0.0,0.0,0.0,0.0,0.0,0.0,0.0,1.0
106,JBZoo/Composer-Cleanup,2.0,0.0,7.0,0.0,45.0,1.0,0.0,1.0,0.0,0.0,0.0,0.0,2.0
107,joaoalves89/RealFaviconGeneratorBundle,2.0,0.0,0.0,0.0,17.0,1.0,0.0,1.0,1.0,0.0,1.0,0.0,3.0
108,DMAGmbH/dma_simple_grid,10.0,0.0,0.0,0.0,47.0,9.0,0.0,9.0,1.0,0.0,1.0,0.0,4.0
109,VirtualPharmacist/vp,1.0,0.0,0.0,0.0,3.0,0.0,0.0,0.0,0.0,0.0,0.0,0.0,1.0
110,sizuhiko/cakephp3-bdd-example,1.0,0.0,0.0,0.0,15.0,0.0,0.0,0.0,0.0,0.0,0.0,0.0,11.0
111,oomphinc/d8-google-login,9.0,0.0,0.0,0.0,28.0,0.0,0.0,0.0,0.0,5.0,5.0,0.0,5.0
112,NYHTC/FMLaravel,2.0,0.0,0.0,0.0,26.0,6.0,5.0,11.0,0.0,1.0,1.0,0.0,6.0
113,tommcfarlin/wp-simple-ajax,1.0,0.0,0.0,0.0,4.0,0.0,0.0,0.0,0.0,0.0,0.0,0.0,3.0
114,PrimusLV/UltraFactions,4.0,0.0,0.0,0.0,50.0,1.0,8.0,9.0,0.0,2.0,2.0,0.0,6.0
115,lzakrzewski/DoctrineDatabaseBackup,1.0,0.0,9.0,0.0,80.0,0.0,0.0,0.0,1.0,2.0,3.0,0.0,10.0
116,dmitry-kulikov/yii2-json-editor,1.0,0.0,0.0,0.0,64.0,0.0,8.0,8.0,0.0,2.0,2.0,0.0,16.0
117,kelunik/demo-chat,1.0,0.0,0.0,0.0,6.0,0.0,0.0,0.0,0.0,1.0,1.0,0.0,1.0
118,RobertGrubb/codeigniter-slack-library,3.0,0.0,0.0,0.0,5.0,1.0,0.0,1.0,0.0,0.0,0.0,0.0,3.0
119,ziishaned/yell,4.0,0.0,0.0,0.0,43.0,0.0,0.0,0.0,0.0,0.0,0.0,0.0,16.0
120,themarcusbattle/press-sync,12.0,0.0,2.0,0.0,335.0,0.0,0.0,0.0,0.0,0.0,0.0,0.0,27.0
121,arogachev/yii2-tree,1.0,0.0,1.0,0.0,17.0,9.0,1.0,10.0,2.0,0.0,2.0,0.0,3.0
122,icicleio/websocket,3.0,0.0,1.0,0.0,47.0,1.0,2.0,3.0,0.0,2.0,2.0,0.0,5.0
123,matriphe/laraciproid,3.0,0.0,2.0,0.0,32.0,0.0,0.0,0.0,0.0,1.0,1.0,0.0,7.0
124,laravel-notification-channels/ionic-push-notifications,8.0,0.0,7.0,0.0,94.0,0.0,10.0,10.0,0.0,22.0,22.0,0.0,26.0
125,fastly/fastly-magento,17.0,0.0,0.0,0.0,202.0,1.0,7.0,8.0,0.0,43.0,43.0,0.0,22.0
126,PremiumPresta/export-products-for-csv-import-prestashop-1.6,3.0,0.0,0.0,0.0,9.0,2.0,2.0,4.0,0.0,1.0,1.0,0.0,2.0
127,lucidarch/console-laravel,17.0,0.0,26.0,0.0,166.0,0.0,9.0,9.0,0.0,29.0,29.0,0.0,12.0
128,contributte/cookbook,4.0,0.0,0.0,0.0,29.0,0.0,4.0,4.0,0.0,3.0,3.0,1.0,15.0
129,sop/x509,3.0,0.0,1.0,0.0,216.0,2.0,3.0,5.0,1.0,1.0,2.0,0.0,9.0
130,ytake/Laravel-Couchbase,4.0,0.0,30.0,0.0,92.0,5.0,10.0,15.0,0.0,37.0,37.0,0.0,23.0
131,Kunstmaan/libphp-multichain,3.0,0.0,2.0,0.0,41.0,9.0,0.0,9.0,3.0,2.0,5.0,0.0,5.0
132,thephpleague/flysystem-azure,9.0,0.0,0.0,0.0,32.0,9.0,12.0,21.0,5.0,11.0,16.0,1.0,6.0
133,Flowpack/Flowpack.Listable,16.0,0.0,20.0,0.0,178.0,3.0,8.0,11.0,3.0,28.0,31.0,0.0,31.0
134,Icinga/icingaweb2-module-nagvis,14.0,0.0,3.0,0.0,64.0,15.0,16.0,31.0,3.0,13.0,16.0,3.0,23.0
135,bacoords/cb-custom-modules,1.0,0.0,0.0,0.0,159.0,0.0,3.0,3.0,0.0,1.0,1.0,0.0,30.0
136,ktbartholomew/saml-20-single-sign-on,6.0,0.0,0.0,0.0,45.0,19.0,2.0,21.0,1.0,6.0,7.0,1.0,8.0
137,mul14/zenziva.php,6.0,0.0,0.0,0.0,45.0,0.0,2.0,2.0,0.0,5.0,5.0,0.0,14.0
138,albovieira/google-speech-tts,1.0,0.0,0.0,0.0,27.0,1.0,1.0,2.0,0.0,1.0,1.0,0.0,11.0
139,kernelzeroday/opparis,12.0,0.0,0.0,0.0,222.0,0.0,1.0,1.0,0.0,18.0,18.0,0.0,9.0
140,dpolac/twig-lambda,2.0,0.0,7.0,0.0,30.0,2.0,7.0,9.0,3.0,2.0,5.0,1.0,9.0
141,Trexology/laravel-pointable,2.0,0.0,2.0,0.0,12.0,5.0,3.0,8.0,1.0,3.0,4.0,0.0,6.0
142,nonfu/laravel-store,2.0,0.0,0.0,0.0,11.0,2.0,0.0,2.0,1.0,0.0,1.0,0.0,5.0
143,pixelmord/generator-drupaltheme,4.0,0.0,0.0,0.0,52.0,4.0,2.0,6.0,0.0,2.0,2.0,0.0,7.0
144,uxweb/laravel-multi-db,1.0,0.0,0.0,0.0,10.0,0.0,0.0,0.0,0.0,0.0,0.0,0.0,4.0
145,pusher-community/real-time-laravel,6.0,0.0,0.0,0.0,75.0,3.0,0.0,3.0,4.0,10.0,14.0,0.0,8.0
146,AndersSchmidtHansen/Sidequest,1.0,0.0,4.0,0.0,172.0,4.0,2.0,6.0,0.0,1.0,1.0,0.0,53.0
147,Bottelet/ticket-conductor,2.0,0.0,0.0,0.0,23.0,2.0,12.0,14.0,0.0,0.0,0.0,0.0,7.0
148,paper-leaf/commandervee,2.0,0.0,0.0,0.0,20.0,1.0,0.0,1.0,0.0,0.0,0.0,0.0,10.0
149,mabasic/wakatime-php-api,7.0,0.0,6.0,0.0,39.0,0.0,2.0,2.0,0.0,7.0,7.0,0.0,14.0
150,zendframework/zend-barcode,175.0,0.0,4.0,0.0,8706.0,1.0,13.0,14.0,0.0,35.0,35.0,0.0,8.0
151,BrightGamePanel/bgpanelv2,3.0,0.0,1.0,0.0,295.0,5.0,20.0,25.0,2.0,3.0,5.0,0.0,10.0
152,mcnemesis/proxy.php,2.0,0.0,0.0,0.0,8.0,2.0,1.0,3.0,0.0,3.0,3.0,0.0,4.0
153,bryglen/yii2-apns-gcm,9.0,0.0,0.0,0.0,37.0,8.0,11.0,19.0,3.0,12.0,15.0,0.0,11.0
154,dfrt82/phplib-football-data,3.0,0.0,0.0,0.0,22.0,0.0,8.0,8.0,0.0,3.0,3.0,0.0,6.0
155,58bits/laravel-4-bootstrap-3-starter,5.0,0.0,0.0,0.0,38.0,2.0,0.0,2.0,0.0,0.0,0.0,0.0,5.0
156,vedicveko/class_dicom.php,3.0,0.0,0.0,0.0,21.0,0.0,0.0,0.0,2.0,1.0,3.0,0.0,2.0
157,youzan/zanhttpdemo,15.0,0.0,1.0,0.0,218.0,1.0,1.0,2.0,0.0,1.0,1.0,0.0,6.0
158,TimeToogo/RapidRoute,4.0,0.0,0.0,0.0,49.0,0.0,1.0,1.0,0.0,2.0,2.0,0.0,18.0
159,h0wardch3ng/drrr-like-chat,1.0,0.0,0.0,0.0,14.0,2.0,1.0,3.0,0.0,0.0,0.0,0.0,3.0
160,cc-archive/garmonbozia,4.0,0.0,0.0,0.0,35.0,0.0,43.0,43.0,0.0,10.0,10.0,0.0,7.0
161,Azure-Samples/active-directory-php-graphapi-web,6.0,0.0,0.0,0.0,33.0,0.0,11.0,11.0,0.0,6.0,6.0,0.0,20.0
162,markstory/mini-asset,75.0,0.0,11.0,0.0,1045.0,5.0,16.0,21.0,2.0,44.0,46.0,0.0,0.0
163,BedrockStreaming/ApiExceptionBundle,18.0,0.0,6.0,0.0,43.0,1.0,1.0,2.0,1.0,14.0,15.0,0.0,8.0
164,biberlabs/ddd-embeddables,4.0,0.0,1.0,0.0,21.0,3.0,1.0,4.0,0.0,10.0,10.0,0.0,10.0
165,symphonycms/members,34.0,0.0,13.0,0.0,552.0,19.0,228.0,247.0,4.0,63.0,67.0,14.0,53.0
166,efficiently/larasset,2.0,0.0,0.0,0.0,76.0,3.0,17.0,20.0,0.0,2.0,2.0,4.0,34.0
167,zhuhank/wechat-payment-for-woocommerce,1.0,0.0,0.0,0.0,6.0,5.0,0.0,5.0,0.0,0.0,0.0,0.0,1.0
168,liip/LiipMagentoBundle,10.0,0.0,0.0,0.0,76.0,3.0,8.0,11.0,0.0,6.0,6.0,0.0,22.0
169,kartik-v/yii2-dynagrid,39.0,0.0,17.0,0.0,229.0,0.0,184.0,184.0,0.0,55.0,55.0,8.0,51.0
170,dotsunited/BundleFu,9.0,0.0,0.0,0.0,216.0,0.0,3.0,3.0,0.0,6.0,6.0,0.0,2.0
171,gstjohn/GifBot,3.0,0.0,0.0,0.0,22.0,0.0,2.0,2.0,0.0,5.0,5.0,0.0,12.0
172,matriphe/laravel-imageupload,7.0,0.0,1.0,0.0,89.0,1.0,19.0,20.0,1.0,6.0,7.0,1.0,32.0
173,pattern-lab/patternengine-php-twig,7.0,0.0,14.0,0.0,127.0,14.0,19.0,33.0,6.0,17.0,23.0,1.0,21.0
174,TimOliver/PHP-Framework-Classes,3.0,0.0,0.0,0.0,8.0,1.0,0.0,1.0,0.0,1.0,1.0,0.0,2.0
175,chonthu/Codeigniter-Google-Analytics-Class,3.0,0.0,0.0,0.0,20.0,1.0,3.0,4.0,0.0,2.0,2.0,0.0,5.0
176,wizkid057/wizstats,11.0,0.0,0.0,0.0,266.0,22.0,34.0,56.0,4.0,22.0,26.0,0.0,3.0
177,botman/driver-telegram,20.0,0.0,17.0,0.0,88.0,22.0,13.0,35.0,11.0,57.0,68.0,0.0,3.0
178,kohana/cache,23.0,0.0,1.0,0.0,188.0,3.0,5.0,8.0,5.0,77.0,82.0,0.0,8.0
179,markjaquith/cache-buddy,3.0,0.0,0.0,0.0,41.0,5.0,5.0,10.0,0.0,3.0,3.0,0.0,3.0
180,cgmartin/ZF2FileUploadExamples,3.0,0.0,0.0,0.0,57.0,6.0,13.0,19.0,0.0,2.0,2.0,0.0,30.0
181,onassar/PHP-Premailer,1.0,0.0,0.0,0.0,22.0,1.0,2.0,3.0,1.0,1.0,2.0,0.0,9.0
182,laravelbook/laravel4-powerpack,6.0,0.0,0.0,0.0,26.0,3.0,7.0,10.0,2.0,5.0,7.0,0.0,8.0
183,madewithlove/illuminate-psr-cache-bridge,5.0,0.0,4.0,0.0,69.0,1.0,6.0,7.0,0.0,13.0,13.0,0.0,6.0
184,zendframework/ZendPdf,30.0,0.0,0.0,0.0,177.0,9.0,12.0,21.0,5.0,9.0,14.0,0.0,6.0
185,webdevops/clitools,8.0,1420.0,20.0,20.0,600.0,28.0,62.0,90.0,4.0,27.0,31.0,2.0,68.0
186,veritrans/veritrans-php,24.0,0.0,1.0,0.0,176.0,1.0,52.0,53.0,0.0,54.0,54.0,0.0,33.0
187,bugsafe/WeReport,1.0,0.0,0.0,0.0,13.0,2.0,0.0,2.0,0.0,0.0,0.0,0.0,9.0
188,stephpy/timeline,13.0,0.0,8.0,0.0,137.0,1.0,19.0,20.0,0.0,29.0,29.0,0.0,9.0
189,phpish/shopify_app-skeleton,2.0,0.0,0.0,0.0,11.0,35.0,10.0,45.0,2.0,1.0,3.0,0.0,6.0
190,jonathan-dejong/simple-jwt-authentication,11.0,0.0,5.0,0.0,41.0,13.0,44.0,57.0,1.0,10.0,11.0,0.0,3.0
191,oscarotero/social-links,17.0,0.0,30.0,0.0,138.0,2.0,11.0,13.0,0.0,19.0,19.0,2.0,30.0
192,yasirsiddiqui/php-google-cloud-print,6.0,0.0,0.0,0.0,29.0,9.0,26.0,35.0,0.0,6.0,6.0,0.0,9.0
193,jameschz/hush,8.0,0.0,0.0,0.0,98.0,2.0,0.0,2.0,1.0,1.0,2.0,0.0,13.0
194,UndefinedOffset/SortableGridField,36.0,0.0,0.0,0.0,301.0,6.0,77.0,83.0,1.0,51.0,52.0,6.0,51.0
195,EnlighterJS/Plugin.WordPress,6.0,101.0,18.0,1.0,257.0,15.0,296.0,311.0,0.0,7.0,7.0,2.0,57.0
196,hugofirth/laravel-mailchimp,10.0,0.0,5.0,0.0,35.0,17.0,15.0,32.0,2.0,10.0,12.0,0.0,9.0
197,MiniCodeMonkey/amazon-alexa-php,2.0,0.0,0.0,0.0,13.0,4.0,0.0,4.0,2.0,2.0,4.0,0.0,2.0
198,humanmade/Falcon,10.0,0.0,0.0,0.0,207.0,8.0,40.0,48.0,3.0,16.0,19.0,0.0,8.0
199,,0.0,0.0,,,0.0,0.0,0.0,0.0,0.0,0.0,0.0,0.0,0.0
